{"name":"Augmented Reality Scene","created":"2022-09-20T14:37:07.603Z","settings":{"physics":{"gravity":[0,-9.8,0]},"render":{"lightmapFilterRange":10,"fog_end":1000,"lightmapFilterEnabled":false,"ambientBake":false,"tonemapping":0,"lightingAreaLightsEnabled":false,"lightingShadowType":0,"ambientBakeOcclusionContrast":0,"skybox":232587285,"lightingCookieAtlasResolution":2048,"fog_density":0.01,"lightmapFilterSmoothness":0.2,"gamma_correction":1,"exposure":1,"lightingShadowsEnabled":true,"fog_start":1,"skyboxIntensity":1,"global_ambient":[0.2,0.2,0.2],"ambientBakeNumSamples":1,"fog_color":[0,0,0],"lightingCells":[10,3,10],"lightmapMode":1,"lightingCookiesEnabled":false,"clusteredLightingEnabled":false,"ambientBakeSpherePart":0.4,"fog":"none","ambientBakeOcclusionBrightness":0,"lightmapMaxResolution":2048,"lightingMaxLightsPerCell":255,"lightingShadowAtlasResolution":2048,"skyboxMip":1,"lightmapSizeMultiplier":16,"skyboxRotation":[0,0,0],"skyType":"infinite","skyMeshPosition":[0,0,0],"skyMeshRotation":[0,0,0],"skyMeshScale":[100,100,100],"skyCenter":[0,0.1,0]}},"entities":{"b3f8f03a-38f1-11ed-8e53-bac1f4b5372f":{"position":[0,0,0],"scale":[1,1,1],"name":"Root","parent":null,"resource_id":"b3f8f03a-38f1-11ed-8e53-bac1f4b5372f","components":{"script":{"enabled":true,"order":["augmentedRealityManager"],"scripts":{"augmentedRealityManager":{"enabled":true,"attributes":{"spaceType":"local-floor","defaultCameraEntity":"35245bd1-f48e-4a12-8b2e-ddedf76bb8a4","arCameraEntity":"b3f8f1d4-38f1-11ed-8e53-bac1f4b5372f","useLightEstimation":true,"useHitTest":true,"useInput":true}}}}},"rotation":[0,0,0],"tags":[],"enabled":true,"children":["35245bd1-f48e-4a12-8b2e-ddedf76bb8a4","b3f8f1d4-38f1-11ed-8e53-bac1f4b5372f","b3f8f2ec-38f1-11ed-8e53-bac1f4b5372f","b3f8f4cc-38f1-11ed-8e53-bac1f4b5372f","7e64b99f-6599-40f3-a8cf-c519886c227d","562d97fe-b60a-4b3d-bd9f-4f3bbace2802"]},"35245bd1-f48e-4a12-8b2e-ddedf76bb8a4":{"name":"Default Camera","tags":[],"enabled":true,"resource_id":"35245bd1-f48e-4a12-8b2e-ddedf76bb8a4","parent":"b3f8f03a-38f1-11ed-8e53-bac1f4b5372f","children":[],"position":[0,1.1491976390853877,1.8934062719345093],"rotation":[-24.597787599375103,0,8.169712220021572e-8],"scale":[1,1,1],"components":{"script":{"enabled":true,"order":["orbitCamera","touchInput","mouseInput","keyboardInput"],"scripts":{"orbitCamera":{"enabled":true,"attributes":{"distanceMin":0,"distanceMax":0,"pitchAngleMin":-90,"pitchAngleMax":90,"focusEntity":"dec73986-18b9-472a-b1d5-d21b0a5e60bd","frameOnStart":true,"inertiaFactor":0.2,"autoRender":true}},"touchInput":{"enabled":true,"attributes":{"orbitSensitivity":0.4,"distanceSensitivity":0.2}},"mouseInput":{"enabled":true,"attributes":{"orbitSensitivity":0.3,"distanceSensitivity":0.18}},"keyboardInput":{"enabled":true,"attributes":{}}}},"camera":{"enabled":true,"clearColorBuffer":true,"clearColor":[0.20392156862745098,0.28627450980392155,0.3686274509803922,1],"clearDepthBuffer":true,"projection":0,"fov":45,"frustumCulling":true,"orthoHeight":4,"nearClip":0.1,"farClip":1000,"priority":1,"rect":[0,0,1,1],"layers":[0,1,2,3,4],"gammaCorrection":1,"toneMapping":0}}},"b3f8f1d4-38f1-11ed-8e53-bac1f4b5372f":{"name":"AR Camera","tags":[],"enabled":true,"resource_id":"b3f8f1d4-38f1-11ed-8e53-bac1f4b5372f","parent":"b3f8f03a-38f1-11ed-8e53-bac1f4b5372f","children":[],"position":[0,0,0],"rotation":[0,0,0],"scale":[1,1,1],"components":{"camera":{"enabled":true,"clearColorBuffer":true,"clearColor":[0,0,0,0],"clearDepthBuffer":true,"projection":0,"fov":60,"frustumCulling":true,"orthoHeight":4,"nearClip":0.1,"farClip":1000,"priority":0,"rect":[0,0,1,1],"layers":[0,1,3,4],"gammaCorrection":1,"toneMapping":0}}},"b3f8f2ec-38f1-11ed-8e53-bac1f4b5372f":{"position":[2,2,-2],"scale":[1,1,1],"name":"Light","parent":"b3f8f03a-38f1-11ed-8e53-bac1f4b5372f","resource_id":"b3f8f2ec-38f1-11ed-8e53-bac1f4b5372f","components":{"light":{"castShadows":true,"isStatic":true,"vsmBlurSize":11,"shadowUpdateMode":2,"normalOffsetBias":0.1,"color":[0.8627450980392157,0.6980392156862745,0.4235294117647059],"bakeArea":0,"numCascades":2,"outerConeAngle":45,"bakeNumSamples":1,"affectDynamic":true,"intensity":1,"bakeDir":true,"cookieAngle":0,"affectLightmapped":false,"cookieChannel":"rgb","innerConeAngle":40,"shadowBias":0.2,"bake":false,"falloffMode":0,"cookieAsset":null,"vsmBias":0.01,"layers":[0],"cookieIntensity":1,"cascadeDistribution":0.5,"cookieOffset":[0,0],"shadowResolution":2048,"cookieScale":[1,1],"enabled":true,"shape":0,"range":8,"vsmBlurMode":1,"shadowDistance":20,"type":"directional","cookieFalloff":true,"shadowType":0,"shadowIntensity":0.34},"script":{"enabled":true,"order":["lightEstimationLight"],"scripts":{"lightEstimationLight":{"enabled":true,"attributes":{"updateIntensity":true,"updateColor":true,"updateRotation":true,"maxIntensity":2}}}}},"rotation":[-108.80708042005303,-72.53611991045197,-179.9999968217156],"tags":[],"enabled":true,"children":[]},"b3f8f4cc-38f1-11ed-8e53-bac1f4b5372f":{"position":[0,0,0],"scale":[20,1,20],"name":"Non-AR Plane","parent":"b3f8f03a-38f1-11ed-8e53-bac1f4b5372f","resource_id":"b3f8f4cc-38f1-11ed-8e53-bac1f4b5372f","components":{"render":{"isStatic":false,"castShadows":true,"castShadowsLightmap":true,"rootBone":null,"lightmapped":false,"batchGroupId":null,"layers":[0],"receiveShadows":true,"enabled":true,"asset":null,"materialAssets":[232587315],"type":"plane","lightmapSizeMultiplier":1},"script":{"enabled":true,"order":["entityEnableOnAr"],"scripts":{"entityEnableOnAr":{"enabled":true,"attributes":{"enableOnDefault":true,"enableOnAR":"disabled"}}}}},"rotation":[0,0,0],"tags":[],"enabled":true,"children":[]},"7e64b99f-6599-40f3-a8cf-c519886c227d":{"name":"AR Positioner","tags":[],"enabled":true,"resource_id":"7e64b99f-6599-40f3-a8cf-c519886c227d","parent":"b3f8f03a-38f1-11ed-8e53-bac1f4b5372f","children":["bba15e56-0002-4f2e-80b5-be4e75787eca","f2ede4ac-35b2-49af-8c9f-a7396c07fac4"],"position":[0,0,0],"rotation":[0,0,0],"scale":[1,1,1],"components":{"script":{"enabled":true,"order":["entityPositioner"],"scripts":{"entityPositioner":{"enabled":true,"attributes":{"defaultDistance":2,"targetEntity":"bba15e56-0002-4f2e-80b5-be4e75787eca","pointerPreviewEntity":"f2ede4ac-35b2-49af-8c9f-a7396c07fac4","useInput":true,"scaleSensitivity":-2000}}}}}},"bba15e56-0002-4f2e-80b5-be4e75787eca":{"name":"Model","tags":[],"enabled":true,"resource_id":"bba15e56-0002-4f2e-80b5-be4e75787eca","parent":"7e64b99f-6599-40f3-a8cf-c519886c227d","children":["5df1574a-e430-4c8b-9044-ff0a2b66c164","dec73986-18b9-472a-b1d5-d21b0a5e60bd","cf8c997b-013d-4128-a92b-91065bf7f9c5"],"position":[0,0,0],"rotation":[0,0,0],"scale":[1,1,1],"components":{}},"5df1574a-e430-4c8b-9044-ff0a2b66c164":{"name":"AR Shadow Catcher","tags":[],"enabled":true,"resource_id":"5df1574a-e430-4c8b-9044-ff0a2b66c164","parent":"bba15e56-0002-4f2e-80b5-be4e75787eca","children":[],"position":[0,-0.01,0],"rotation":[0,-7.01670930138967e-15,0],"scale":[10,1,10],"components":{"render":{"enabled":true,"type":"plane","asset":null,"materialAssets":[232587307],"layers":[0],"batchGroupId":null,"castShadows":false,"castShadowsLightmap":false,"receiveShadows":true,"lightmapped":false,"lightmapSizeMultiplier":1,"castShadowsLightMap":true,"lightMapped":false,"lightMapSizeMultiplier":1,"isStatic":false,"rootBone":null},"script":{"enabled":true,"order":["shadowCatcher","entityEnableOnAr"],"scripts":{"shadowCatcher":{"enabled":true,"attributes":{"material":232587307}},"entityEnableOnAr":{"enabled":true,"attributes":{"enableOnDefault":false,"enableOnAR":"always"}}}}},"template_id":232587277,"template_ent_ids":{"5df1574a-e430-4c8b-9044-ff0a2b66c164":"ec25d3f9-9d6c-439c-b043-adf89a3f6e64"}},"dec73986-18b9-472a-b1d5-d21b0a5e60bd":{"name":"PlayCanvas-Cube","tags":[],"enabled":true,"resource_id":"dec73986-18b9-472a-b1d5-d21b0a5e60bd","parent":"bba15e56-0002-4f2e-80b5-be4e75787eca","children":["2897f67b-f228-4bee-8b45-2971e2f9f378","5d58c73a-4322-4f0e-9e58-93e0f4b3e3a4"],"position":[0,0.2999328933039303,0],"rotation":[0,-1.1672355655487283e-7,0],"scale":[0.006129148994293372,0.006129148994293372,0.006129148994293372],"components":{"script":{"enabled":true,"order":["lightEstimationRender","entityRotator"],"scripts":{"lightEstimationRender":{"enabled":true,"attributes":{}},"entityRotator":{"enabled":true,"attributes":{"speed":40}}}},"collision":{"enabled":true,"type":"box","halfExtents":[0.3,0.3,0.3],"radius":0.5,"axis":1,"height":2,"asset":null,"renderAsset":null,"linearOffset":[0,0,0],"angularOffset":[0,0,0]},"rigidbody":{"enabled":true,"type":"kinematic","mass":1,"linearDamping":0,"angularDamping":0,"linearFactor":[1,1,1],"angularFactor":[1,1,1],"friction":0.5,"restitution":0.5}},"template_id":232587283,"template_ent_ids":{"dec73986-18b9-472a-b1d5-d21b0a5e60bd":"50a355a1-853c-4d61-a29a-2a8ee92da160","2897f67b-f228-4bee-8b45-2971e2f9f378":"44987353-41b5-460a-a7d5-a47202c125f2","5d58c73a-4322-4f0e-9e58-93e0f4b3e3a4":"33bc13db-9a11-4ab7-9d78-ec9f2bf2e6b4"}},"2897f67b-f228-4bee-8b45-2971e2f9f378":{"name":"canvas","tags":[],"enabled":true,"resource_id":"2897f67b-f228-4bee-8b45-2971e2f9f378","parent":"dec73986-18b9-472a-b1d5-d21b0a5e60bd","children":[],"position":[0.0000705719,-0.0000038147,-0.000264645],"rotation":[-90,0,0],"scale":[1,1,1],"components":{"render":{"enabled":true,"type":"asset","asset":232587284,"materialAssets":[232587308],"layers":[0],"batchGroupId":null,"castShadows":true,"castShadowsLightmap":true,"receiveShadows":true,"lightmapped":false,"lightmapSizeMultiplier":1,"castShadowsLightMap":true,"lightMapped":false,"lightMapSizeMultiplier":1,"isStatic":false,"rootBone":null}}},"5d58c73a-4322-4f0e-9e58-93e0f4b3e3a4":{"name":"play","tags":[],"enabled":true,"resource_id":"5d58c73a-4322-4f0e-9e58-93e0f4b3e3a4","parent":"dec73986-18b9-472a-b1d5-d21b0a5e60bd","children":[],"position":[0.0000705719,-0.0000038147,-0.000264645],"rotation":[-90,0,0],"scale":[1,1,1],"components":{"render":{"enabled":true,"type":"asset","asset":232587271,"materialAssets":[232587310],"layers":[0],"batchGroupId":null,"castShadows":true,"castShadowsLightmap":true,"receiveShadows":true,"lightmapped":false,"lightmapSizeMultiplier":1,"castShadowsLightMap":true,"lightMapped":false,"lightMapSizeMultiplier":1,"isStatic":false,"rootBone":null}}},"cf8c997b-013d-4128-a92b-91065bf7f9c5":{"name":"3D Screen","tags":[],"enabled":false,"resource_id":"cf8c997b-013d-4128-a92b-91065bf7f9c5","parent":"bba15e56-0002-4f2e-80b5-be4e75787eca","children":["84c18e12-b4f4-4d7d-80e5-894b842fa66a","c90e1887-9c29-41e9-a00b-7f3b93659926"],"position":[0,0,0],"rotation":[0,0,0],"scale":[0.01,0.01,0.01],"components":{"screen":{"enabled":true,"screenSpace":false,"scaleMode":"blend","scaleBlend":0.5,"resolution":[1280,720],"referenceResolution":[1280,720],"priority":0}}},"84c18e12-b4f4-4d7d-80e5-894b842fa66a":{"name":"Button-Rotate-Left","tags":[],"enabled":true,"resource_id":"84c18e12-b4f4-4d7d-80e5-894b842fa66a","parent":"cf8c997b-013d-4128-a92b-91065bf7f9c5","children":["cf3e83f3-f036-4b77-b53a-ff36a3249817"],"position":[-19.999998807907104,5.840000137686729,37.233525189639764],"rotation":[-55,8,0],"scale":[1,1,1],"components":{"button":{"enabled":true,"active":true,"imageEntity":"84c18e12-b4f4-4d7d-80e5-894b842fa66a","hitPadding":[0,0,0,0],"transitionMode":0,"hoverTint":[0.35294117647058826,0.35294117647058826,0.35294117647058826,0.9176470588235294],"pressedTint":[0.5686274509803921,0.5686274509803921,0.5686274509803921,1],"inactiveTint":[0,0,0,0.11764705882352941],"fadeDuration":0,"hoverSpriteAsset":null,"hoverSpriteFrame":0,"pressedSpriteAsset":null,"pressedSpriteFrame":0,"inactiveSpriteAsset":null,"inactiveSpriteFrame":0,"hoverTextureAsset":null,"pressedTextureAsset":null,"inactiveTextureAsset":null},"element":{"enabled":true,"type":"image","anchor":[0.5,0.5,0.5,0.5],"pivot":[0.5,0.5],"text":"","key":null,"fontAsset":232587260,"fontSize":32,"minFontSize":8,"maxFontSize":32,"autoFitWidth":false,"autoFitHeight":false,"maxLines":null,"lineHeight":32,"wrapLines":true,"spacing":1,"color":[0.15294117647058825,0.15294117647058825,0.15294117647058825],"opacity":0.7,"textureAsset":null,"spriteAsset":null,"spriteFrame":0,"pixelsPerUnit":null,"width":20,"height":20,"margin":[-30,-4.16,10,-15.84],"alignment":[0.5,0.5],"outlineColor":[0,0,0,1],"outlineThickness":0,"shadowColor":[0,0,0,1],"shadowOffset":[0,0],"rect":[0,0,1,1],"materialAsset":null,"autoWidth":false,"autoHeight":false,"fitMode":"stretch","useInput":true,"batchGroupId":null,"mask":false,"layers":[0],"enableMarkup":false},"script":{"enabled":true,"order":["btnRotator"],"scripts":{"btnRotator":{"enabled":true,"attributes":{"targetEntity":"dec73986-18b9-472a-b1d5-d21b0a5e60bd","speed":-1}}}}}},"cf3e83f3-f036-4b77-b53a-ff36a3249817":{"name":"Text","tags":[],"enabled":true,"resource_id":"cf3e83f3-f036-4b77-b53a-ff36a3249817","parent":"84c18e12-b4f4-4d7d-80e5-894b842fa66a","children":[],"position":[20,20,0.24184843842410242],"rotation":[0,0,0],"scale":[1,1,1],"components":{"element":{"enabled":true,"type":"text","anchor":[0,0,1,1],"pivot":[0.5,0.5],"text":"<","key":null,"fontAsset":232587260,"fontSize":32,"minFontSize":8,"maxFontSize":15,"autoFitWidth":true,"autoFitHeight":true,"maxLines":null,"lineHeight":10,"wrapLines":true,"spacing":1,"color":[1,1,1],"opacity":1,"textureAsset":null,"spriteAsset":null,"spriteFrame":0,"pixelsPerUnit":null,"width":32,"height":32,"margin":[0,0,0,0],"alignment":[0.5,0.5],"outlineColor":[0,0,0,1],"outlineThickness":0,"shadowColor":[0,0,0,1],"shadowOffset":[0,0],"rect":[0,0,1,1],"materialAsset":null,"autoWidth":false,"autoHeight":false,"fitMode":"stretch","useInput":false,"batchGroupId":null,"mask":false,"layers":[0],"enableMarkup":false}}},"c90e1887-9c29-41e9-a00b-7f3b93659926":{"name":"Button-Rotate-Right","tags":[],"enabled":true,"resource_id":"c90e1887-9c29-41e9-a00b-7f3b93659926","parent":"cf8c997b-013d-4128-a92b-91065bf7f9c5","children":["6cbc4624-f5d3-4b0f-9c8b-6b754b387ea2"],"position":[19.999998807907104,5.840000137686729,37.233525189639764],"rotation":[-55.00000008091491,-8,8.166289362178939e-16],"scale":[1,1,1],"components":{"button":{"enabled":true,"active":true,"imageEntity":"c90e1887-9c29-41e9-a00b-7f3b93659926","hitPadding":[0,0,0,0],"transitionMode":0,"hoverTint":[0.35294117647058826,0.35294117647058826,0.35294117647058826,0.9176470588235294],"pressedTint":[0.5686274509803921,0.5686274509803921,0.5686274509803921,1],"inactiveTint":[0,0,0,0.11764705882352941],"fadeDuration":0,"hoverSpriteAsset":null,"hoverSpriteFrame":0,"pressedSpriteAsset":null,"pressedSpriteFrame":0,"inactiveSpriteAsset":null,"inactiveSpriteFrame":0,"hoverTextureAsset":null,"pressedTextureAsset":null,"inactiveTextureAsset":null},"element":{"enabled":true,"type":"image","anchor":[0.5,0.5,0.5,0.5],"pivot":[0.5,0.5],"text":"","key":null,"fontAsset":232587260,"fontSize":32,"minFontSize":8,"maxFontSize":32,"autoFitWidth":false,"autoFitHeight":false,"maxLines":null,"lineHeight":32,"wrapLines":true,"spacing":1,"color":[0.15294117647058825,0.15294117647058825,0.15294117647058825],"opacity":0.7,"textureAsset":null,"spriteAsset":null,"spriteFrame":0,"pixelsPerUnit":null,"width":20,"height":20,"margin":[10,-4.16,-30,-15.84],"alignment":[0.5,0.5],"outlineColor":[0,0,0,1],"outlineThickness":0,"shadowColor":[0,0,0,1],"shadowOffset":[0,0],"rect":[0,0,1,1],"materialAsset":null,"autoWidth":false,"autoHeight":false,"fitMode":"stretch","useInput":true,"batchGroupId":null,"mask":false,"layers":[0],"enableMarkup":false},"script":{"enabled":true,"order":["btnRotator"],"scripts":{"btnRotator":{"enabled":true,"attributes":{"targetEntity":"dec73986-18b9-472a-b1d5-d21b0a5e60bd","speed":1}}}}}},"6cbc4624-f5d3-4b0f-9c8b-6b754b387ea2":{"name":"Text","tags":[],"enabled":true,"resource_id":"6cbc4624-f5d3-4b0f-9c8b-6b754b387ea2","parent":"c90e1887-9c29-41e9-a00b-7f3b93659926","children":[],"position":[20,20,0.4698975192849778],"rotation":[0,0,0],"scale":[1,1,1],"components":{"element":{"enabled":true,"type":"text","anchor":[0,0,1,1],"pivot":[0.5,0.5],"text":">","key":null,"fontAsset":232587260,"fontSize":32,"minFontSize":8,"maxFontSize":15,"autoFitWidth":true,"autoFitHeight":true,"maxLines":null,"lineHeight":10,"wrapLines":true,"spacing":1,"color":[1,1,1],"opacity":1,"textureAsset":null,"spriteAsset":null,"spriteFrame":0,"pixelsPerUnit":null,"width":100,"height":100,"margin":[0,0,0,0],"alignment":[0.5,0.5],"outlineColor":[0,0,0,1],"outlineThickness":0,"shadowColor":[0,0,0,1],"shadowOffset":[0,0],"rect":[0,0,1,1],"materialAsset":null,"autoWidth":false,"autoHeight":false,"fitMode":"stretch","useInput":false,"batchGroupId":null,"mask":false,"layers":[0],"enableMarkup":false}}},"f2ede4ac-35b2-49af-8c9f-a7396c07fac4":{"name":"Pointer Preview","tags":[],"enabled":true,"resource_id":"f2ede4ac-35b2-49af-8c9f-a7396c07fac4","parent":"7e64b99f-6599-40f3-a8cf-c519886c227d","children":[],"position":[0,0.009999999776482582,0],"rotation":[0,0,0],"scale":[1,1,1],"components":{"render":{"enabled":true,"type":"plane","asset":null,"materialAssets":[232587316],"layers":[0],"batchGroupId":null,"castShadows":false,"castShadowsLightmap":false,"receiveShadows":false,"lightmapped":false,"lightmapSizeMultiplier":1,"castShadowsLightMap":true,"lightMapped":false,"lightMapSizeMultiplier":1,"isStatic":false,"rootBone":null}}},"562d97fe-b60a-4b3d-bd9f-4f3bbace2802":{"name":"2D Screen","tags":[],"enabled":true,"resource_id":"562d97fe-b60a-4b3d-bd9f-4f3bbace2802","parent":"b3f8f03a-38f1-11ed-8e53-bac1f4b5372f","children":["4633842c-ace8-4e47-b97e-e0cc841aa592","9da0ded8-16c3-4a99-815a-c49cc9fe9ce2"],"position":[0,8,0],"rotation":[0,0,0],"scale":[1,1,1],"components":{"screen":{"enabled":true,"screenSpace":true,"scaleMode":"blend","scaleBlend":0.5,"resolution":[1280,720],"referenceResolution":[1280,720],"priority":0}}},"4633842c-ace8-4e47-b97e-e0cc841aa592":{"name":"Button-AR","tags":[],"enabled":true,"resource_id":"4633842c-ace8-4e47-b97e-e0cc841aa592","parent":"562d97fe-b60a-4b3d-bd9f-4f3bbace2802","children":["00c32c3b-aeda-45d9-ba7b-0796ca88c124"],"position":[10,10,0],"rotation":[0,0,0],"scale":[1,1,1],"components":{"button":{"enabled":true,"active":true,"imageEntity":"4633842c-ace8-4e47-b97e-e0cc841aa592","hitPadding":[0,0,0,0],"transitionMode":0,"hoverTint":[0.35294117647058826,0.35294117647058826,0.35294117647058826,0.9176470588235294],"pressedTint":[0.5686274509803921,0.5686274509803921,0.5686274509803921,1],"inactiveTint":[0.2235294117647059,0.2235294117647059,0.2235294117647059,0.19607843137254902],"fadeDuration":0,"hoverSpriteAsset":null,"hoverSpriteFrame":0,"pressedSpriteAsset":null,"pressedSpriteFrame":0,"inactiveSpriteAsset":null,"inactiveSpriteFrame":0,"hoverTextureAsset":null,"pressedTextureAsset":null,"inactiveTextureAsset":null},"element":{"enabled":true,"type":"image","anchor":[0,0,0,0],"pivot":[0,0],"text":"","key":null,"fontAsset":232587260,"fontSize":32,"minFontSize":8,"maxFontSize":32,"autoFitWidth":false,"autoFitHeight":false,"maxLines":null,"lineHeight":32,"wrapLines":true,"spacing":1,"color":[0.15294117647058825,0.15294117647058825,0.15294117647058825],"opacity":0.7,"textureAsset":null,"spriteAsset":null,"spriteFrame":0,"pixelsPerUnit":null,"width":140,"height":140,"margin":[10,10,-150,-150],"alignment":[0.5,0.5],"outlineColor":[0,0,0,1],"outlineThickness":0,"shadowColor":[0,0,0,1],"shadowOffset":[0,0],"rect":[0,0,1,1],"materialAsset":null,"autoWidth":false,"autoHeight":false,"fitMode":"stretch","useInput":true,"batchGroupId":null,"mask":false,"layers":[4],"enableMarkup":false},"script":{"enabled":true,"order":["btnAr"],"scripts":{"btnAr":{"enabled":true,"attributes":{}}}}}},"00c32c3b-aeda-45d9-ba7b-0796ca88c124":{"name":"Text","tags":[],"enabled":true,"resource_id":"00c32c3b-aeda-45d9-ba7b-0796ca88c124","parent":"4633842c-ace8-4e47-b97e-e0cc841aa592","children":[],"position":[0,0,0],"rotation":[0,0,0],"scale":[1,1,1],"components":{"element":{"enabled":true,"type":"text","anchor":[0,0,1,1],"pivot":[0.5,0.5],"text":"AR toggle","key":null,"fontAsset":232587260,"fontSize":32,"minFontSize":8,"maxFontSize":28,"autoFitWidth":true,"autoFitHeight":true,"maxLines":null,"lineHeight":32,"wrapLines":true,"spacing":1,"color":[1,1,1],"opacity":1,"textureAsset":null,"spriteAsset":null,"spriteFrame":0,"pixelsPerUnit":null,"width":32,"height":32,"margin":[0,0,0,0],"alignment":[0.5,0.5],"outlineColor":[0,0,0,1],"outlineThickness":0,"shadowColor":[0,0,0,0],"shadowOffset":[0.5,-0.5],"rect":[0,0,1,1],"materialAsset":null,"autoWidth":false,"autoHeight":false,"fitMode":"stretch","useInput":false,"batchGroupId":null,"mask":false,"layers":[4],"enableMarkup":false}}},"9da0ded8-16c3-4a99-815a-c49cc9fe9ce2":{"name":"MessageGroup","tags":[],"enabled":true,"resource_id":"9da0ded8-16c3-4a99-815a-c49cc9fe9ce2","parent":"562d97fe-b60a-4b3d-bd9f-4f3bbace2802","children":["238bb3e9-11b6-4c63-8e4a-3677ed1b4beb"],"position":[0,200,0],"rotation":[0,0,0],"scale":[1,1,1],"components":{"element":{"enabled":true,"type":"group","anchor":[0.5,0,0.5,0],"pivot":[0.5,1],"text":"","key":null,"fontAsset":232587260,"fontSize":32,"minFontSize":8,"maxFontSize":32,"autoFitWidth":false,"autoFitHeight":false,"maxLines":null,"lineHeight":32,"wrapLines":true,"spacing":1,"color":[1,1,1],"opacity":1,"textureAsset":null,"spriteAsset":null,"spriteFrame":0,"pixelsPerUnit":null,"width":300,"height":200,"margin":[-150,0,-150,-200],"alignment":[0.5,0.5],"outlineColor":[0,0,0,1],"outlineThickness":0,"shadowColor":[0,0,0,1],"shadowOffset":[0,0],"rect":[0,0,1,1],"materialAsset":null,"autoWidth":false,"autoHeight":false,"fitMode":"stretch","useInput":false,"batchGroupId":null,"mask":false,"layers":[4],"enableMarkup":false}}},"238bb3e9-11b6-4c63-8e4a-3677ed1b4beb":{"name":"MessageText","tags":[],"enabled":true,"resource_id":"238bb3e9-11b6-4c63-8e4a-3677ed1b4beb","parent":"9da0ded8-16c3-4a99-815a-c49cc9fe9ce2","children":[],"position":[200,50,0],"rotation":[0,0,0],"scale":[1,1,1],"components":{"element":{"enabled":true,"type":"text","anchor":[0,0,1,1],"pivot":[0.5,0.5],"text":"","key":null,"fontAsset":232587260,"fontSize":32,"minFontSize":8,"maxFontSize":32,"autoFitWidth":true,"autoFitHeight":true,"maxLines":null,"lineHeight":32,"wrapLines":true,"spacing":1,"color":[1,1,1],"opacity":1,"textureAsset":null,"spriteAsset":null,"spriteFrame":0,"pixelsPerUnit":null,"width":400,"height":200,"margin":[0,0,0,0],"alignment":[0.5,0.5],"outlineColor":[0,0,0,1],"outlineThickness":0.58,"shadowColor":[0,0,0,0.13725490196078433],"shadowOffset":[0,0],"rect":[0,0,1,1],"materialAsset":null,"autoWidth":false,"autoHeight":false,"fitMode":"stretch","useInput":false,"batchGroupId":null,"mask":false,"layers":[4],"enableMarkup":false},"script":{"enabled":true,"order":["txtArMessages"],"scripts":{"txtArMessages":{"enabled":true,"attributes":{}}}}}}},"checkpoint_id":"8158b5a4-3556-45be-ae2a-2d5ed369910f","branch_id":"ffbf6d61-c6dd-497d-8ca5-db3110c68565","id":2253344}